{"cameraMode":{"drawMode":0,"name":"Shaded","section":"Shading Mode"},"sceneLighting":false,"audioPlay":false,"sceneViewState":{"m_AlwaysRefresh":false,"showFog":true,"showSkybox":false,"showFlares":true,"showImageEffects":true,"showParticleSystems":true,"showVisualEffectGraphs":true,"m_FxEnabled":true},"in2DMode":false,"pivot":{"x":-1.8271753787994385,"y":0.8222417831420898,"z":-0.02707386016845703},"rotation":{"x":-0.1308651864528656,"y":-0.050244949758052829,"z":0.006640017032623291,"w":-0.990121603012085},"size":2.2647178173065187,"orthographic":false}